model_name,cross_validation,train_time,predict_time,accuracy
RandomForestClassifier,False,7.152179002761841,0.10373902320861816,0.8458558033328475,0.305081081081,0.0309494396894,0.168015260385
Multilayer Perceptron,False,4.7499611377716064,2.4472250938415527,0.8207015498237551,0.3544321760166502,0.036309891467396105,0.19537103374202316
RandomForestClassifier,False,869.4575719833374,0.09638285636901855,0.8395520575231987,0.33197297297297296,0.020449130856789906,0.17621105191488143
Multilayer Perceptron,True,1813.820965051651,5.344635009765625,0.8991765048913576,0.14205397807900746,0.06714903379511163,0.10460150593705955
